агитировать	сагитировать	с
актировать	заактировать	за
анализировать	проанализировать	про
аннотировать	проаннотировать	про
арканить	заарканить	за
асфальтировать	заасфальтировать	за
багроветь	побагроветь	по
баламутить	взбаламутить	вз
балансировать	сбалансировать	с
балластировать	забалластировать	за
баловать	избаловать	из
бальзамировать	забальзамировать	за
бальзамировать	набальзамировать	на
банкротиться	обанкротиться	о
баррикадировать	забаррикадировать	за
баррикадироваться	забаррикадироваться	за
басить	пробасить	про
баюкать	убаюкать	у
беднеть	обеднеть	о
бедокурить	набедокурить	на
безобразить	обезобразить	о
безобразничать	набезобразничать	на
белеть	побелеть	по
белить	выбелить	вы
белить	набелить	на
белить	побелить	по
белиться	набелиться	на
бередить	разбередить	раз
беременеть	забеременеть	за
беречься	поберечься	по
бесить	взбесить	вз
беситься	взбеситься	вз
беспокоить	обеспокоить	о
беспокоить	побеспокоить	по
беспокоиться	обеспокоиться	о
беспокоиться	побеспокоиться	по
бессилить	обессилить	о
бесславить	обесславить	о
бесчестить	обесчестить	о
бетонировать	забетонировать	за
бинтовать	забинтовать	за
бить	побить	по
бить	пробить	про
бить	разбить	раз
биться	побиться	по
благодарить	поблагодарить	по
бледнеть	побледнеть	по
блекнуть	поблекнуть	по
близиться	приблизиться	при
блюсти	соблюсти	с
богатеть	разбогатеть	раз
бодать	забодать	за
бодрить	взбодрить	вз
божиться	побожиться	по
болтать	взболтать	вз
бормотать	пробормотать	про
бороздить	взбороздить	вз
боронить	взборонить	вз
бороновать	взбороновать	вз
бороновать	забороновать	за
бороть	побороть	по
бояться	побояться	по
браковать	забраковать	за
бранить	выбранить	вы
браниться	выбраниться	вы
браниться	побраниться	по
брататься	побрататься	по
брезгать	побрезгать	по
брезговать	побрезговать	по
бренчать	пробренчать	про
брехать	пробрехать	про
брить	побрить	по
бриться	побриться	по
бродить	выбродить	вы
бронзировать	набронзировать	на
бронировать	забронировать	за
бронировать	забронировать	за
брошюровать	сброшюровать	с
брюзгнуть	обрюзгнуть	о
брюзжать	пробрюзжать	про
бряцать	пробряцать	про
бубнить	пробубнить	про
будить	пробудить	про
будить	разбудить	раз
будоражить	взбудоражить	вз
будоражиться	взбудоражиться	вз
бузить	набузить	на
булгачить	взбулгачить	вз
бунтовать	взбунтовать	вз
буравить	пробуравить	про
буреть	побуреть	по
бурить	пробурить	про
бурчать	пробурчать	про
бутить	забутить	за
бухнуть	разбухнуть	раз
ваксить	наваксить	на
валить	повалить	по
валить	свалить	с
валиться	повалиться	по
валиться	свалиться	с
валять	обвалять	об
валять	свалять	с
варганить	сварганить	с
варить	сварить	с
вариться	свариться	с
везти	повезти	по
великодушничать	свеликодушничать	с
вентилировать	провентилировать	про
венчать	обвенчать	об
венчать	повенчать	по
венчать	увенчать	у
венчаться	обвенчаться	об
венчаться	повенчаться	по
венчаться	увенчаться	у
вербовать	завербовать	за
вербоваться	завербоваться	за
вередить	развередить	раз
верещать	проверещать	про
верить	поверить	по
вериться	повериться	по
верстать	поверстать	по
верстать	сверстать	с
вертеть	провертеть	про
вертеть	свернуть	с
вертеть	свертеть	с
вершить	повершить	по
веселеть	повеселеть	по
веселить	повеселить	по
веселить	развеселить	раз
веселиться	повеселиться	по
вести	повести	по
вести	привести	при
вести	провести	про
ветвиться	разветвиться	раз
ветшать	обветшать	об
вечереть	завечереть	за
вечереть	повечереть	по
вечереть	свечереть	с
вечерять	повечерять	по
вешать	повесить	по
вешать	свешать	с
вешаться	повеситься	по
вешаться	свешаться	с
вещать	провещать	про
веять	провеять	про
вздорить	повздорить	по
взрослеть	повзрослеть	по
видать	повидать	по
видать	увидать	у
видаться	повидаться	по
видаться	увидаться	у
видеть	увидеть	у
видеться	свидеться	с
видеться	увидеться	у
видеться	привидеться	при
визировать	завизировать	за
виниться	повиниться	по
виснуть	повиснуть	по
вить	свить	с
влажнеть	повлажнеть	по
влечь	повлечь	по
влиять	повлиять	по
возить	отвозить	от
волгнуть	наволгнуть	на
волгнуть	отволгнуть	от
волновать	взволновать	вз
волноваться	взволноваться	вз
волочить	проволочить	про
вонять	навонять	на
воровать	своровать	с
ворожить	поворожить	по
воротить	поворотить	по
воротить	своротить	с
ворсить	наворсить	на
ворсовать	наворсовать	на
вощить	навощить	на
врать	наврать	на
врать	соврать	с
вредить	навредить	на
вредить	повредить	по
вуалировать	завуалировать	за
вшиветь	завшиветь	за
вшиветь	обовшиветь	обо
вьючить	навьючить	на
вязать	связать	с
вязнуть	завязнуть	за
вязнуть	увязнуть	у
вянуть	завянуть	за
вянуть	увянуть	у
гавкать	прогавкать	про
гадать	погадать	по
гадить	нагадить	на
гарпунить	загарпунить	за
гасить	загасить	за
гасить	погасить	по
гасить	угасить	у
гаснуть	погаснуть	по
гаснуть	угаснуть	у
гатить	загатить	за
гваздаться	загваздаться	за
гваздаться	изгваздаться	из
герметизировать	загерметизировать	за
гибнуть	погибнуть	по
гипнотизировать	загипнотизировать	за
гипсовать	загипсовать	за
гладить	выгладить	вы
гладить	погладить	по
глотать	проглотить	про
глохнуть	заглохнуть	за
глохнуть	оглохнуть	о
глупеть	поглупеть	по
глупить	сглупить	с
глушить	заглушить	за
глушить	оглушить	о
глядеть	поглядеть	по
глядеться	поглядеться	по
глянцевать	наглянцевать	на
гнать	выгнать	вы
гнать	прогнать	про
гнаться	угнаться	у
гневаться	прогневаться	про
гневаться	разгневаться	раз
гневить	прогневить	про
гнить	сгнить	с
гноить	сгноить	с
гнуть	погнуть	по
гнуть	согнуть	с
гнуться	погнуться	по
гнуться	согнуться	с
гнушаться	погнушаться	по
гоготать	прогоготать	про
голосовать	проголосовать	про
голубеть	поголубеть	по
голубить	приголубить	при
горбить	сгорбить	с
горбиться	сгорбиться	с
гореть	сгореть	с
горкнуть	прогоркнуть	про
горячить	разгорячить	раз
горячиться	разгорячиться	раз
готовить	подготовить	под
готовить	заготовить	за
готовить	приготовить	при
готовить	сготовить	с
готовиться	подготовиться	под
готовиться	приготовиться	при
гофрировать	нагофрировать	на
грабастать	заграбастать	за
грабить	ограбить	о
гравировать	выгравировать	вы
гравировать	награвировать	на
гравировать	отгравировать	от
гранить	огранить	о
графить	разграфить	раз
грезиться	пригрезиться	при
греметь	прогреметь	про
грести	сгрести	с
греть	взгреть	вз
греть	нагреть	на
греть	согреть	с
греться	нагреться	на
греться	согреться	с
грешить	погрешить	по
грешить	согрешить	с
гримировать	загримировать	за
гримировать	нагримировать	на
гримироваться	загримироваться	за
гримироваться	нагримироваться	на
гробить	угробить	у
грозить	погрозить	по
грозить	пригрозить	при
грозиться	погрозиться	по
грозиться	пригрозиться	при
громить	разгромить	раз
громоздить	нагромоздить	на
громоздиться	взгромоздиться	вз
громоздиться	нагромоздиться	на
громыхать	прогромыхать	про
грохотать	прогрохотать	про
грубеть	загрубеть	за
грубеть	огрубеть	о
грубеть	погрубеть	по
грубить	нагрубить	на
грубиянить	нагрубиянить	на
грудиться	сгрудиться	с
грузить	загрузить	за
грузить	нагрузить	на
грузить	погрузить	по
грузиться	погрузиться	по
грузнеть	огрузнеть	о
грузнеть	погрузнеть	по
грунтовать	загрунтовать	за
грунтовать	нагрунтовать	на
группировать	сгруппировать	с
группироваться	сгруппироваться	с
грызть	разгрызть	раз
грызться	погрызться	по
грязнить	загрязнить	за
грязниться	загрязниться	за
грязнуть	погрязнуть	по
губить	загубить	за
губить	погубить	по
губить	сгубить	с
гудеть	прогудеть	про
гудронировать	загудронировать	за
гулять	погулять	по
густеть	загустеть	за
густить	загустить	за
густить	сгустить	с
густиться	загуститься	за
густиться	сгуститься	с
гуторить	погуторить	по
давить	задавить	за
давить	раздавить	раз
давить	удавить	у
давиться	подавиться	по
давиться	удавиться	у
дарить	подарить	по
двоить	вздвоить	вз
двоить	сдвоить	с
двурушничать	сдвурушничать	с
дебоширить	надебоширить	на
девать	подевать	по
деваться	задеваться	за
деваться	подеваться	по
дегустировать	продегустировать	про
дезинфицировать	продезинфицировать	про
действовать	подействовать	по
декламировать	продекламировать	про
декорировать	задекорировать	за
делать	сделать	с
делаться	сделаться	с
деликатничать	поделикатничать	по
делить	поделить	по
делить	разделить	раз
делиться	поделиться	по
делиться	разделиться	раз
демонстрировать	продемонстрировать	про
деревенеть	задеревенеть	за
деревенеть	одеревенеть	о
дерзить	надерзить	на
дефилировать	продефилировать	про
дешеветь	подешеветь	по
дешевить	продешевить	про
дивиться	подивиться	по
диктовать	продиктовать	про
дисковать	продисковать	про
дичать	одичать	о
длиннеть	подлиннеть	по
длиться	продлиться	про
добреть	подобреть	по
добреть	раздобреть	раз
довольствоваться	удовольствоваться	у
доить	подоить	по
долбить	выдолбить	вы
долбить	продолбить	про
должать	задолжать	за
дорожать	подорожать	по
досадовать	подосадовать	по
дохнуть	издохнуть	из
дохнуть	подохнуть	по
дохнуть	сдохнуть	с
драить	выдраить	вы
драить	надраить	на
драпировать	задрапировать	за
драпироваться	задрапироваться	за
драть	выдрать	вы
драть	задрать	за
драть	содрать	с
драть	разодрать	раз
драться	подраться	по
дрейфить	сдрейфить	с
дрессировать	выдрессировать	вы
дробить	раздробить	раз
дробиться	раздробиться	раз
дрючить	вздрючить	вз
дрябнуть	одрябнуть	о
дряхлеть	одряхлеть	о
дубасить	отдубасить	от
дубить	выдубить	вы
дублировать	продублировать	про
дублировать	сдублировать	с
думать	подумать	по
думаться	подуматься	по
дурачить	одурачить	о
дуреть	одуреть	о
дурить	задурить	за
дурманить	одурманить	о
дурнеть	подурнеть	по
дуть	выдуть	вы
душить	задушить	за
душить	надушить	на
душить	удушить	у
душиться	задушиться	за
душиться	надушиться	на
дыбиться	вздыбиться	вз
дымить	надымить	на
ежить	съежить	с
ежиться	съежиться	с
ерепениться	взъерепениться	вз
ерошить	взъерошить	вз
ерошиться	взъерошиться	вз
ерундить	наерундить	на
ершить	взъершить	вз
ершиться	взъершиться	вз
есть	поесть	по
есть	разъесть	раз
есть	съесть	с
ехидничать	съехидничать	с
жадничать	пожадничать	по
жалеть	пожалеть	по
жалить	ужалить	у
жалиться	пожалиться	по
жалобиться	пожалобиться	по
жаловать	пожаловать	по
жаловаться	пожаловаться	по
жарить	зажарить	за
жарить	изжарить	из
жарить	пожарить	по
жариться	зажариться	за
жариться	изжариться	из
жать	выжать	вы
жать	сжать	с
жать	сжать	с
жаться	сжаться	с
желать	пожелать	по
желтеть	пожелтеть	по
желтить	выжелтить	вы
желтить	зажелтить	за
женить	поженить	по
жениться	пожениться	по
жеребиться	ожеребиться	о
жертвовать	пожертвовать	по
жечь	сжечь	с
жечься	обжечься	об
животворить	оживотворить	о
жиреть	ожиреть	о
жиреть	разжиреть	раз
жмурить	зажмурить	за
жмуриться	зажмуриться	за
жрать	сожрать	с
жулить	сжулить	с
жульничать	сжульничать	с
жухнуть	зажухнуть	за
жухнуть	пожухнуть	по
заботить	озаботить	о
заботиться	позаботиться	по
завидовать	позавидовать	по
завтракать	позавтракать	по
заимствовать	позаимствовать	по
заимствоваться	позаимствоваться	по
зариться	позариться	по
звать	позвать	по
звенеть	прозвенеть	про
звереть	озвереть	о
звонить	позвонить	по
звониться	позвониться	по
звучать	прозвучать	про
здороваться	поздороваться	по
здороветь	поздороветь	по
зеленеть	позеленеть	по
зеленить	позеленить	по
зимовать	перезимовать	пере
златить	озлатить	о
златить	позлатить	по
златиться	позлатиться	по
злеть	озлеть	о
злить	обозлить	обо
злить	озлить	о
злить	разозлить	раз
злиться	обозлиться	обо
злиться	озлиться	о
злиться	разозлиться	раз
злобиться	озлобиться	о
знакомить	ознакомить	о
знакомить	познакомить	по
знакомиться	ознакомиться	о
знакомиться	познакомиться	по
знаменовать	ознаменовать	о
знаменоваться	ознаменоваться	о
золотеть	позолотеть	по
золотить	позолотить	по
зондировать	прозондировать	про
зреть	назреть	на
зреть	созреть	с
зреть	узреть	у
зубрить	вызубрить	вы
зубрить	зазубрить	за
зубрить	зазубрить	за
зубрить	назубрить	на
зубриться	зазубриться	за
зябнуть	вызябнуть	вы
зябнуть	озябнуть	о
играть	сыграть	с
идти	пойти	по
известковать	произвестковать	про
иллюстрировать	проиллюстрировать	про
именовать	наименовать	на
именоваться	наименоваться	на
имитировать	сымитировать	с
импровизировать	сымпровизировать	с
индеветь	заиндеветь	за
инспектировать	проинспектировать	про
инструктировать	проинструктировать	про
интервьюировать	проинтервьюировать	про
интересоваться	поинтересоваться	по
интриговать	заинтриговать	за
информировать	проинформировать	про
итожить	подытожить	под
каверзить	накаверзить	на
каверзничать	накаверзничать	на
казаться	показаться	по
каламбурить	скаламбурить	с
калечить	искалечить	из
калечить	покалечить	по
калечиться	искалечиться	из
калечиться	покалечиться	по
калибровать	прокалибровать	про
калькировать	скалькировать	с
калькулировать	скалькулировать	с
каменеть	окаменеть	о
камуфлировать	закамуфлировать	за
канителить	проканителить	про
канителиться	проканителиться	про
канифолить	наканифолить	на
кантовать	окантовать	о
капать	накапать	на
карабкаться	вскарабкаться	вз
карать	покарать	по
катать	скатать	с
каяться	покаяться	по
каяться	раскаяться	раз
квакать	проквакать	про
квасить	заквасить	за
квасить	сквасить	с
кипеть	вскипеть	вз
кипятить	вскипятить	вз
кипятиться	вскипятиться	вз
кипятиться	раскипятиться	раз
киснуть	прокиснуть	про
киснуть	скиснуть	с
кланяться	поклониться	по
классифицировать	расклассифицировать	раз
класть	положить	по
класть	сложить	с
клеветать	наклеветать	на
клеить	приклеить	при
клеить	склеить	с
клепать	выклепать	вы
клепать	склепать	с
клониться	склониться	с
клянчить	выклянчить	вы
клясться	поклясться	по
кляузничать	накляузничать	на
ковать	выковать	вы
ковать	подковать	под
ковать	сковать	с
коверкать	исковеркать	из
кодировать	закодировать	за
козырять	откозырять	от
кокать	укокать	у
колебать	поколебать	по
колебаться	поколебаться	по
колеть	заколеть	за
колотить	поколотить	по
колоть	заколоть	за
колоть	вколоть	в
колоть	расколоть	раз
колоть	уколоть	у
колошматить	отколошматить	от
колпачить	околпачить	о
кольцевать	закольцевать	за
кольцевать	окольцевать	о
командовать	скомандовать	с
комбинировать	скомбинировать	с
комкать	скомкать	с
комментировать	прокомментировать	про
компилировать	скомпилировать	с
комплектовать	скомплектовать	с
комплектовать	укомплектовать	у
компоновать	скомпоновать	с
компостировать	закомпостировать	за
компостировать	прокомпостировать	про
компрометировать	скомпрометировать	с
конденсировать	сконденсировать	с
конопатить	законопатить	за
конопатить	проконопатить	про
консервировать	законсервировать	за
конспектировать	законспектировать	за
конспирировать	законспирировать	за
конструировать	сконструировать	с
консультировать	проконсультировать	про
консультироваться	проконсультироваться	про
контрактовать	законтрактовать	за
контрактоваться	законтрактоваться	за
контролировать	проконтролировать	про
конфузить	сконфузить	с
конфузиться	сконфузиться	с
концентрировать	сконцентрировать	с
концентрироваться	сконцентрироваться	с
кооперировать	скооперировать	с
кооперироваться	скооперироваться	с
координировать	скоординировать	с
копать	выкопать	вы
копаться	закопаться	за
копировать	скопировать	с
копить	накопить	на
копить	скопить	с
копиться	накопиться	на
копиться	скопиться	с
копнить	скопнить	с
коптить	закоптить	за
корежить	искорежить	из
корежить	покорежить	по
корежить	скорежить	с
корежиться	искорежиться	из
корежиться	покорежиться	по
корежиться	скорежиться	с
кормить	накормить	на
кормить	покормить	по
кормиться	прокормиться	про
корнать	обкорнать	об
корнать	окорнать	о
коробить	покоробить	по
коробиться	покоробиться	по
коробиться	скоробиться	с
коротать	скоротать	с
корректировать	откорректировать	от
корректировать	прокорректировать	про
корректировать	скорректировать	с
корчевать	выкорчевать	вы
корчить	скорчить	с
корчиться	скорчиться	с
косить	покосить	по
косить	покосить	по
косить	скосить	с
косить	скосить	с
коситься	покоситься	по
коситься	скоситься	с
косматить	вскосматить	вз
косматить	раскосматить	раз
косматиться	вскосматиться	вз
коснеть	закоснеть	за
кособочиться	скособочиться	с
костенеть	закостенеть	за
костенеть	окостенеть	о
костылять	накостылять	на
котиться	окотиться	о
коченеть	закоченеть	за
коченеть	окоченеть	о
красить	накрасить	на
красить	выкрасить	вы
красить	окрасить	о
красить	покрасить	по
краситься	накраситься	на
краситься	выкраситься	вы
краситься	окраситься	о
краситься	покраситься	по
краснеть	покраснеть	по
красоваться	покрасоваться	по
красть	украсть	у
крахмалить	накрахмалить	на
кренить	накренить	на
крениться	накрениться	на
крепить	закрепить	за
крепнуть	окрепнуть	о
крестить	окрестить	о
крестить	перекрестить	пере
креститься	окреститься	о
креститься	перекреститься	пере
криветь	окриветь	о
кривить	искривить	из
кривить	покривить	по
кривить	скривить	с
кривиться	искривиться	из
кривиться	покривиться	по
кривиться	скривиться	с
кристаллизовать	закристаллизовать	за
кристаллизоваться	выкристаллизоваться	вы
кристаллизоваться	закристаллизоваться	за
кричать	прокричать	про
кровавить	окровавить	о
кровавиться	окровавиться	о
кровенить	окровенить	о
кроить	выкроить	вы
кроить	раскроить	раз
кроить	скроить	с
кромсать	искромсать	из
кромсать	раскромсать	раз
кропать	накропать	на
кропить	окропить	о
крошить	искрошить	из
крошить	накрошить	на
крошить	раскрошить	раз
крошиться	искрошиться	из
крошиться	раскрошиться	раз
круглеть	округлеть	о
круглить	округлить	о
круглиться	округлиться	о
крупнеть	покрупнеть	по
крутить	закрутить	за
крутить	прокрутить	про
крутить	скрутить	с
крутиться	закрутиться	за
кручиниться	закручиниться	за
крыть	покрыть	по
крючить	скрючить	с
крючиться	скрючиться	с
кукарекать	прокукарекать	про
куковать	прокуковать	про
кукожиться	скукожиться	с
кукситься	накукситься	на
кукситься	скукситься	с
кулемать	скулемать	с
кумиться	покумиться	по
купать	выкупать	вы
купать	искупать	из
купаться	выкупаться	вы
купаться	искупаться	из
куражиться	покуражиться	по
курить	покурить	по
куролесить	накуролесить	на
кусать	покусать	по
кутать	закутать	за
кутать	окутать	о
кутать	укутать	у
кутаться	закутаться	за
кутаться	укутаться	у
кушать	покушать	по
кушать	скушать	с
лавировать	славировать	с
лазить	слазить	с
лакать	вылакать	вы
лакировать	отлакировать	от
лакомить	полакомить	по
лакомиться	полакомиться	по
ласкать	приласкать	при
ласкаться	приласкаться	при
латать	залатать	за
лаять	пролаять	про
лаяться	полаяться	по
лгать	налгать	на
лгать	солгать	с
левачить	слевачить	с
леветь	полеветь	по
легчать	полегчать	по
леденеть	заледенеть	за
леденеть	обледенеть	об
леденеть	оледенеть	о
леденить	заледенить	за
леденить	оледенить	о
лелеять	взлелеять	вз
лениться	полениться	по
лепетать	пролепетать	про
лепить	залепить	за
лепить	вылепить	вы
лепить	налепить	на
лепить	слепить	с
лететь	полететь	по
лечить	вылечить	вы
лечить	излечить	из
лечиться	вылечиться	вы
лечиться	излечиться	из
либеральничать	слиберальничать	с
лиловеть	полиловеть	по
линовать	налиновать	на
линять	облинять	об
линять	полинять	по
линять	слинять	с
липнуть	прилипнуть	при
лить	вылить	вы
лить	отлить	от
лицевать	облицевать	об
лицевать	перелицевать	пере
лицезреть	улицезреть	у
лобызать	облобызать	об
лобызаться	облобызаться	об
ловчить	словчить	с
ломать	поломать	по
ломать	сломать	с
ломаться	поломаться	по
ломаться	сломаться	с
лопать	слопать	с
лопотать	пролопотать	про
лохматить	взлохматить	вз
лохматить	разлохматить	раз
лохматиться	взлохматиться	вз
лохматиться	разлохматиться	раз
лощить	вылощить	вы
лощить	налощить	на
лубенеть	залубенеть	за
лудить	вылудить	вы
лудить	полудить	по
лукавить	слукавить	с
лупить	облупить	об
лупить	отлупить	от
лупить	слупить	с
лупиться	облупиться	об
лупцевать	отлупцевать	от
лущить	вылущить	вы
лущить	облущить	об
лысеть	облысеть	об
лысеть	полысеть	по
льнуть	прильнуть	при
льстить	польстить	по
льститься	польститься	по
любоваться	полюбоваться	по
любопытствовать	полюбопытствовать	по
лямзить	слямзить	с
ляпать	наляпать	на
ляпать	сляпать	с
мазать	помазать	по
мазать	вымазать	вы
мазать	замазать	за
мазать	измазать	из
мазать	намазать	на
мазать	промазать	про
мазаться	измазаться	из
мазаться	намазаться	на
мазаться	помазаться	по
мазаться	вымазаться	вы
малевать	намалевать	на
малеваться	намалеваться	на
малодушествовать	смалодушествовать	с
малодушничать	смалодушничать	с
маневрировать	сманеврировать	с
манить	поманить	по
марать	замарать	за
марать	вымарать	вы
марать	измарать	из
марать	намарать	на
мараться	замараться	за
мараться	измараться	из
мараться	вымараться	вы
мариновать	замариновать	за
маркировать	замаркировать	за
маршировать	промаршировать	про
маскировать	замаскировать	за
маскироваться	замаскироваться	за
маслить	намаслить	на
маслить	помаслить	по
мастерить	смастерить	с
матрицировать	заматрицировать	за
меблировать	обмеблировать	об
меблировать	омеблировать	о
мелеть	обмелеть	об
мелить	намелить	на
мельчать	измельчать	из
мельчить	измельчить	из
мельчить	размельчить	раз
менять	изменить	из
менять	обменять	об
менять	поменять	по
менять	разменять	раз
менять	сменить	с
меняться	измениться	из
меняться	обменяться	об
меняться	перемениться	пере
меняться	поменяться	по
меняться	смениться	с
мерещиться	померещиться	по
мерещиться	примерещиться	при
мерзнуть	замерзнуть	за
мерить	померить	по
мерить	измерить	из
мерить	примерить	при
мерить	смерить	с
мериться	помериться	по
меркнуть	померкнуть	по
меркнуть	смеркнуть	с
мертветь	омертветь	о
мертветь	помертветь	по
мерять	смерять	с
месить	замесить	за
мести	подмести	под
метать	выметать	вы
метать	выметать	вы
метать	наметать	на
метать	сметать	с
метить	наметить	на
метить	пометить	по
метиться	наметиться	на
мешать	помешать	по
мешать	помешать	по
мешать	смешать	с
мешаться	смешаться	с
мешкать	замешкать	за
миловать	помиловать	по
минировать	заминировать	за
мирить	помирить	по
мирить	примирить	при
мириться	помириться	по
мириться	примириться	при
млеть	замлеть	за
множить	помножить	по
множить	умножить	у
множиться	умножиться	у
моделировать	смоделировать	с
мозолить	намозолить	на
мокнуть	намокнуть	на
мокнуть	промокнуть	про
мокнуть	вымокнуть	вы
молиться	помолиться	по
молкнуть	замолкнуть	за
молкнуть	смолкнуть	с
молкнуть	умолкнуть	у
молодеть	помолодеть	по
молотить	обмолотить	об
молотить	смолотить	с
молоть	помолоть	по
молоть	смолоть	с
монтировать	смонтировать	с
мордовать	замордовать	за
морить	заморить	за
морить	выморить	вы
морить	поморить	по
морить	уморить	у
морозить	заморозить	за
морочить	заморочить	за
морочить	обморочить	об
морщить	наморщить	на
морщить	сморщить	с
морщиться	наморщиться	на
морщиться	поморщиться	по
морщиться	сморщиться	с
мостить	вымостить	вы
мостить	замостить	за
мостить	намостить	на
мотать	замотать	за
мотать	намотать	на
мотать	помотать	по
мотать	промотать	про
мотать	умотать	у
мотыжить	промотыжить	про
мочалить	размочалить	раз
мочить	вымочить	вы
мочить	замочить	за
мочить	намочить	на
мочиться	помочиться	по
мошенничать	смошенничать	с
мрачнеть	помрачнеть	по
мстить	отмстить	от
мстить	отомстить	от
мудрить	намудрить	на
мужать	возмужать	воз
мурлыкать	промурлыкать	про
муслить	замуслить	за
муслить	намуслить	на
муслиться	замуслиться	за
мусолить	замусолить	за
мусолиться	замусолиться	за
мусорить	намусорить	на
мутить	взмутить	вз
мутить	замутить	за
мутить	помутить	по
мутиться	замутиться	за
мутиться	помутиться	по
мутнеть	помутнеть	по
мухлевать	смухлевать	с
мучать	замучать	за
мучать	измучать	из
мучаться	измучаться	из
мучить	замучить	за
мучить	измучить	из
мучиться	замучиться	за
мучиться	измучиться	из
муштровать	вымуштровать	вы
мызгать	замызгать	за
мылить	намылить	на
мылиться	намылиться	на
мытарить	замытарить	за
мытарить	измытарить	из
мытариться	замытариться	за
мытариться	измытариться	из
мыть	вымыть	вы
мыть	помыть	по
мыться	вымыться	вы
мыться	помыться	по
мычать	промычать	про
мягчеть	помягчеть	по
мягчить	смягчить	с
мякнуть	намякнуть	на
мякнуть	размякнуть	раз
мямлить	промямлить	про
мять	намять	на
мять	измять	из
мять	размять	раз
мять	смять	с
мяться	измяться	из
мяться	помяться	по
мяться	смяться	с
мяукать	промяукать	про
навозить	унавозить	у
наглеть	обнаглеть	об
надеяться	понадеяться	по
наркотизировать	занаркотизировать	за
насиловать	изнасиловать	из
наследовать	унаследовать	у
нахальничать	снахальничать	с
неволить	приневолить	при
неметь	занеметь	за
неметь	онеметь	о
нести	понести	по
нести	снести	с
нестись	снестись	с
низать	нанизать	на
никелировать	отникелировать	от
никнуть	поникнуть	по
никнуть	сникнуть	с
нищать	обнищать	об
ночевать	переночевать	пере
нравиться	понравиться	по
нумеровать	занумеровать	за
нумеровать	пронумеровать	про
нюхать	понюхать	по
обедать	пообедать	по
обезьянничать	собезьянничать	с
обещать	пообещать	по
обещаться	пообещаться	по
одеколонить	наодеколонить	на
озорничать	созорничать	с
оперировать	прооперировать	про
оперировать	соперировать	с
организовать	сорганизовать	с
организоваться	сорганизоваться	с
оригинальничать	соригинальничать	с
ориентировать	сориентировать	с
ориентироваться	сориентироваться	с
осторожничать	поосторожничать	по
острить	сострить	с
охрить	наохрить	на
падать	упасть	у
паковать	запаковать	за
паковать	упаковать	у
пакостить	запакостить	за
пакостить	испакостить	из
пакостить	напакостить	на
палить	выпалить	вы
палить	опалить	о
палить	спалить	с
парашютировать	спарашютировать	с
парировать	отпарировать	от
парить	выпарить	вы
парить	попарить	по
парить	упарить	у
париться	выпариться	вы
париться	попариться	по
паршиветь	запаршиветь	за
паршиветь	опаршиветь	о
пасовать	спасовать	с
патентовать	запатентовать	за
пахать	вспахать	вз
пачкать	запачкать	за
пачкать	испачкать	из
пачкать	напачкать	на
пачкать	выпачкать	вы
пачкаться	запачкаться	за
пачкаться	испачкаться	из
пачкаться	выпачкаться	вы
пеленать	запеленать	за
пеленать	спеленать	с
пеленговать	запеленговать	за
пенить	вспенить	вз
пениться	вспениться	вз
пенять	попенять	по
пепелить	испепелить	из
переть	спереть	с
перчить	наперчить	на
перчить	поперчить	по
песочить	пропесочить	про
пестовать	выпестовать	вы
петушиться	распетушиться	раз
петь	воспеть	воз
петь	пропеть	про
петь	спеть	с
печалить	опечалить	о
печалиться	опечалиться	о
печатать	напечатать	на
печатать	отпечатать	от
печататься	напечататься	на
печь	испечь	из
печься	испечься	из
пикировать	спикировать	с
писать	написать	на
писаться	написаться	на
питать	напитать	на
питать	пропитать	про
питаться	пропитаться	про
пить	выпить	вы
пичкать	напичкать	на
плавить	выплавить	вы
плавить	расплавить	раз
плавить	сплавить	с
плавиться	расплавиться	раз
планировать	запланировать	за
планировать	спланировать	с
пластать	распластать	раз
платать	заплатать	за
платить	заплатить	за
платить	уплатить	у
платиться	поплатиться	по
плевать	наплевать	на
плесневеть	заплесневеть	за
плести	заплести	за
плести	сплести	с
плешиветь	оплешиветь	о
плодить	наплодить	на
плодить	расплодить	раз
плодиться	наплодиться	на
плодиться	расплодиться	раз
плоить	наплоить	на
пломбировать	запломбировать	за
пломбировать	опломбировать	о
плотить	сплотить	с
плотнеть	поплотнеть	по
плошать	оплошать	о
плошать	сплошать	с
плутовать	наплутовать	на
плутовать	сплутовать	с
плюсовать	приплюсовать	при
плющить	расплющить	раз
плющить	сплющить	с
плясать	сплясать	с
поганить	опоганить	о
поганиться	опоганиться	о
подлеть	оподлеть	о
подличать	сподличать	с
позорить	опозорить	о
позориться	опозориться	о
поить	выпоить	вы
поить	напоить	на
покоить	упокоить	у
полировать	наполировать	на
полировать	отполировать	от
полнеть	пополнеть	по
полоскать	выполоскать	вы
полоскать	прополоскать	про
полосовать	исполосовать	из
полосовать	располосовать	раз
полоть	выполоть	вы
полоть	прополоть	про
полошить	всполошить	вз
полошиться	всполошиться	вз
пользоваться	воспользоваться	воз
помадить	напомадить	на
помадиться	напомадиться	на
понтировать	спонтировать	с
пороситься	опороситься	о
пороть	выпороть	вы
пороть	распороть	раз
пороться	распороться	раз
порочить	опорочить	о
порошить	запорошить	за
порошить	напорошить	на
портачить	напортачить	на
портить	испортить	из
портиться	испортиться	из
потеть	вспотеть	вз
потеть	запотеть	за
потрошить	выпотрошить	вы
потрошить	распотрошить	раз
потчевать	попотчевать	по
пошлеть	опошлеть	о
поэтизировать	опоэтизировать	о
праветь	поправеть	по
править	выправить	вы
править	направить	на
праздновать	отпраздновать	от
препятствовать	воспрепятствовать	воз
прессовать	отпрессовать	от
прессовать	спрессовать	с
преть	взопреть	вз
преть	сопреть	с
преть	упреть	у
приветствовать	поприветствовать	по
приходовать	заприходовать	за
приходовать	оприходовать	о
пробовать	испробовать	из
пробовать	попробовать	по
провоцировать	спровоцировать	с
программировать	запрограммировать	за
проектировать	запроектировать	за
проектировать	спроектировать	с
проецировать	спроецировать	с
проказить	напроказить	на
проказничать	напроказничать	на
пророчить	напророчить	на
просить	попросить	по
проситься	попроситься	по
простеть	попростеть	по
протестовать	опротестовать	о
противиться	воспротивиться	воз
протоколировать	запротоколировать	за
профилировать	спрофилировать	с
прудить	запрудить	за
пружинить	напружинить	на
пружиниться	напружиниться	на
прыскать	напрыскать	на
прыскаться	опрыскаться	о
прыщаветь	опрыщаветь	о
прясть	выпрясть	вы
прясть	спрясть	с
прятать	спрятать	с
прятаться	спрятаться	с
псоветь	опсоветь	о
публиковать	опубликовать	о
пугать	испугать	из
пугать	напугать	на
пугаться	испугаться	из
пугаться	напугаться	на
пудрить	напудрить	на
пудриться	напудриться	на
пудриться	попудриться	по
пузыриться	вспузыриться	вз
пустеть	опустеть	о
путать	запутать	за
путать	впутать	в
путать	перепутать	пере
путать	спутать	с
путаться	запутаться	за
путаться	впутаться	в
путаться	перепутаться	пере
путаться	спутаться	с
пухнуть	вспухнуть	вз
пухнуть	опухнуть	о
пухнуть	распухнуть	раз
пучить	вспучить	вз
пучить	выпучить	вы
пучиться	вспучиться	вз
пучиться	выпучиться	вы
пушить	распушить	раз
пыжиться	напыжиться	на
пылить	запылить	за
пылить	напылить	на
пылиться	запылиться	за
пытаться	попытаться	по
пыхтеть	пропыхтеть	про
пьянеть	запьянеть	за
пьянеть	опьянеть	о
пьянить	опьянить	о
пялить	распялить	раз
пялиться	выпялиться	вы
пятить	попятить	по
пятиться	попятиться	по
пятнать	запятнать	за
работать	сработать	с
равнять	сравнять	с
равняться	поравняться	по
равняться	сравняться	с
радеть	порадеть	по
радовать	обрадовать	об
радовать	порадовать	по
радоваться	обрадоваться	об
радоваться	порадоваться	по
разить	поразить	по
разить	сразить	с
разуметь	уразуметь	у
рапортовать	отрапортовать	от
расти	вырасти	вы
растить	вырастить	вы
расходовать	израсходовать	из
расходоваться	израсходоваться	из
рвать	порвать	по
рвать	вырвать	вы
рвать	разорвать	раз
рвать	сорвать	с
рваться	порваться	по
рваться	разорваться	раз
реагировать	отреагировать	от
реагировать	прореагировать	про
реагировать	среагировать	с
ревизовать	обревизовать	об
ревновать	приревновать	при
регистрировать	зарегистрировать	за
регистрироваться	зарегистрироваться	за
регулировать	отрегулировать	от
регулировать	урегулировать	у
редактировать	отредактировать	от
редеть	поредеть	по
резать	нарезать	на
резать	зарезать	за
резать	разрезать	раз
резать	срезать	с
резаться	прорезаться	про
резервировать	зарезервировать	за
рекомендовать	отрекомендовать	от
рекомендовать	порекомендовать	по
рекомендоваться	отрекомендоваться	от
ремизить	обремизить	об
ремизиться	обремизиться	об
ремонтировать	отремонтировать	от
репетировать	отрепетировать	от
репетировать	прорепетировать	про
репетировать	срепетировать	с
репетовать	отрепетовать	от
реставрировать	отреставрировать	от
ретироваться	отретироваться	от
ретушировать	отретушировать	от
реферировать	прореферировать	про
рецензировать	отрецензировать	от
рецензировать	прорецензировать	про
решетить	изрешетить	из
ржаветь	заржаветь	за
ржаветь	поржаветь	по
рисовать	нарисовать	на
рифмовать	срифмовать	с
робеть	оробеть	о
ровнять	выровнять	вы
ровнять	разровнять	раз
ровнять	сровнять	с
роговеть	ороговеть	о
роднить	породнить	по
роднить	сроднить	с
родниться	породниться	по
родниться	сродниться	с
рознить	разрознить	раз
розоветь	порозоветь	по
роить	сроить	с
ронять	уронить	у
рубить	срубить	с
рубцеваться	зарубцеваться	за
ругать	обругать	об
ругать	отругать	от
ругать	выругать	вы
ругаться	выругаться	вы
ругаться	поругаться	по
румянить	нарумянить	на
румянить	разрумянить	раз
румяниться	зарумяниться	за
румяниться	нарумяниться	на
румяниться	разрумяниться	раз
русеть	обрусеть	об
русеть	порусеть	по
ручаться	поручиться	по
рушить	обрушить	об
рушить	порушить	по
рушиться	обрушиться	об
рушиться	порушиться	по
рыжеть	порыжеть	по
рыть	вырыть	вы
рыхлеть	порыхлеть	по
рыхлеть	разрыхлеть	раз
рыхлить	взрыхлить	вз
рыхлить	разрыхлить	раз
рябеть	порябеть	по
рядить	порядить	по
рядиться	порядиться	по
рядиться	срядиться	с
сажать	посадить	по
салить	осалить	о
салютовать	отсалютовать	от
сандалить	насандалить	на
сатанеть	осатанеть	о
сахарить	посахарить	по
сватать	посватать	по
сватать	сосватать	с
свататься	посвататься	по
свежевать	освежевать	о
свежеть	посвежеть	по
свежить	освежить	о
сверлить	просверлить	про
светить	посветить	по
светлеть	посветлеть	по
светлеть	просветлеть	про
свидетельствовать	засвидетельствовать	за
свидетельствовать	освидетельствовать	о
свинячить	насвинячить	на
свирепеть	освирепеть	о
свирепеть	рассвирепеть	раз
свистеть	просвистеть	про
святить	освятить	о
седеть	поседеть	по
седлать	оседлать	о
селить	поселить	по
селиться	поселиться	по
семафорить	просемафорить	про
сердить	рассердить	раз
сердиться	рассердиться	раз
серебрить	высеребрить	вы
серебрить	посеребрить	по
сереть	посереть	по
серчать	осерчать	о
серьезнеть	посерьезнеть	по
сетовать	посетовать	по
сечь	высечь	вы
сечься	посечься	по
сеять	посеять	по
сиветь	посиветь	по
сигнализировать	просигнализировать	про
сигналить	просигналить	про
сизеть	посизеть	по
силосовать	засилосовать	за
синеть	посинеть	по
сипнуть	осипнуть	о
сиротеть	осиротеть	о
скалить	оскалить	о
скалиться	оскалиться	о
скальпировать	оскальпировать	о
сквернить	осквернить	о
скирдовать	заскирдовать	за
склабиться	осклабиться	о
склонять	просклонять	про
скоблить	выскоблить	вы
скопить	оскопить	о
скоромиться	оскоромиться	о
скрести	выскрести	вы
скудеть	оскудеть	о
скупиться	поскупиться	по
скучнеть	поскучнеть	по
слабеть	ослабеть	о
слабить	прослабить	про
слабнуть	ослабнуть	о
славить	прославить	про
сластить	насластить	на
сластить	посластить	по
следить	наследить	на
следовать	последовать	по
слепнуть	ослепнуть	о
служить	послужить	по
слушать	послушать	по
слушать	прослушать	про
слушаться	послушаться	по
слыть	прослыть	про
слыхать	услыхать	у
слышать	услышать	у
слышаться	послышаться	по
слышаться	услышаться	у
слюнить	наслюнить	на
слюнить	послюнить	по
слюнявить	наслюнявить	на
слюнявить	послюнявить	по
смелеть	осмелеть	о
сметь	посметь	по
смешить	насмешить	на
смешить	рассмешить	раз
смеяться	посмеяться	по
смирнеть	посмирнеть	по
смолить	высмолить	вы
смолить	обсмолить	об
смолить	осмолить	о
сморкать	высморкать	вы
сморкаться	высморкаться	вы
смотреть	посмотреть	по
смотреться	посмотреться	по
смуглеть	посмуглеть	по
снастить	оснастить	о
сниться	присниться	при
совершенствовать	усовершенствовать	у
совершенствоваться	усовершенствоваться	у
совестить	усовестить	у
совеститься	посовеститься	по
совеститься	усовеститься	у
советовать	посоветовать	по
советовать	присоветовать	при
советоваться	посоветоваться	по
советь	осоветь	о
содействовать	посодействовать	по
солить	засолить	за
солить	насолить	на
солить	посолить	по
соловеть	осоловеть	о
сорить	насорить	на
сортировать	рассортировать	раз
сосать	высосать	вы
сохнуть	высохнуть	вы
сохнуть	засохнуть	за
спеть	поспеть	по
спешить	поспешить	по
сплетничать	насплетничать	на
спорить	поспорить	по
способствовать	поспособствовать	по
спрягать	проспрягать	про
срамить	осрамить	о
срамиться	осрамиться	о
ссорить	поссорить	по
ссориться	поссориться	по
ставить	поставить	по
стараться	постараться	по
стареть	постареть	по
стареть	устареть	у
старить	состарить	с
стариться	состариться	с
стегать	выстегать	вы
стегать	отстегать	от
стегать	простегать	про
стекленеть	остекленеть	о
стеклить	застеклить	за
стеклить	остеклить	о
стелить	постелить	по
стелиться	постелиться	по
стенографировать	застенографировать	за
стервенеть	остервенеть	о
стесняться	постесняться	по
стирать	выстирать	вы
стлать	настлать	на
стлать	постелить	по
стлать	постлать	по
стлаться	постлаться	по
столбенеть	остолбенеть	о
стопорить	застопорить	за
стопориться	застопориться	за
сторониться	посторониться	по
стоять	постоять	по
страдать	пострадать	по
страховать	застраховать	за
страховаться	застраховаться	за
стрекать	обстрекать	об
стрекать	острекать	о
стричь	обстричь	об
стричь	остричь	о
стричь	постричь	по
стричься	обстричься	об
стричься	остричься	о
стричься	постричься	по
строгать	выстрогать	вы
строить	выстроить	вы
строить	построить	по
строить	состроить	с
строиться	выстроиться	вы
строиться	построиться	по
строчить	выстрочить	вы
строчить	настрочить	на
строчить	прострочить	про
струнить	сострунить	с
стряпать	состряпать	с
студенеть	застуденеть	за
студить	остудить	о
студиться	остудиться	о
стучать	настучать	на
стучать	постучать	по
стучаться	постучаться	по
стыдить	пристыдить	при
стыдиться	постыдиться	по
стыковать	состыковать	с
стыковаться	состыковаться	с
стынуть	застынуть	за
стынуть	остынуть	о
стыть	застыть	за
стыть	остыть	о
сулить	посулить	по
сулиться	посулиться	по
супить	насупить	на
супиться	насупиться	на
суроветь	посуроветь	по
сурьмить	насурьмить	на
сурьмиться	насурьмиться	на
суслить	засуслить	за
сусолить	засусолить	за
сутулить	ссутулить	с
сутулиться	ссутулиться	с
сучить	ссучить	с
сушить	высушить	вы
сушиться	высушиться	вы
считать	посчитать	по
считать	сосчитать	с
считаться	посчитаться	по
считаться	сосчитаться	с
сыреть	отсыреть	от
таврить	затаврить	за
таить	утаить	у
танцевать	станцевать	с
таранить	протаранить	про
таращить	вытаращить	вы
таращиться	вытаращиться	вы
таскать	оттаскать	от
тасовать	перетасовать	пере
тасовать	стасовать	с
татуировать	вытатуировать	вы
тачать	вытачать	вы
тачать	стачать	с
тащить	вытащить	вы
тащить	стащить	с
таять	растаять	раз
твердеть	затвердеть	за
твердить	затвердить	за
творить	растворить	раз
творить	сотворить	с
творожить	створожить	с
творожиться	створожиться	с
телеграфировать	протелеграфировать	про
телефонировать	протелефонировать	про
телиться	отелиться	о
темнеть	потемнеть	по
темнеть	стемнеть	с
теплеть	потеплеть	по
теребить	вытеребить	вы
тереть	растереть	раз
тереться	натереться	на
тереться	потереться	по
терзать	растерзать	раз
терпеть	потерпеть	по
терять	потерять	по
терять	утерять	у
теряться	потеряться	по
теряться	утеряться	у
теснить	потеснить	по
теснить	стеснить	с
тесниться	потесниться	по
тесниться	стесниться	с
тешить	потешить	по
тешиться	потешиться	по
тибрить	стибрить	с
тихнуть	стихнуть	с
тихнуть	утихнуть	у
ткать	выткать	вы
ткать	соткать	с
толочь	истолочь	из
толочь	растолочь	раз
толочь	столочь	с
толстеть	потолстеть	по
толстеть	растолстеть	раз
томить	истомить	из
томиться	истомиться	из
тонуть	потонуть	по
тонуть	утонуть	у
тончать	потончать	по
топить	стопить	с
топить	вытопить	вы
топить	истопить	из
топить	потопить	по
топить	растопить	раз
топить	утопить	у
топиться	растопиться	раз
топиться	утопиться	у
топнуть	потопнуть	по
топорщить	встопорщить	вз
топорщиться	встопорщиться	вз
топтать	потоптать	по
топтать	стоптать	с
топырить	встопырить	вз
топырить	растопырить	раз
топыриться	встопыриться	вз
торговать	приторговать	при
торговать	сторговать	с
торговаться	сторговаться	с
торить	проторить	про
тормозить	затормозить	за
тормозиться	затормозиться	за
торопить	поторопить	по
торопиться	поторопиться	по
торцевать	заторцевать	за
точить	выточить	вы
точить	источить	из
точить	наточить	на
тошнить	вытошнить	вы
тошнить	стошнить	с
тощать	отощать	о
тощать	потощать	по
травенеть	затравенеть	за
травить	потравить	по
травить	вытравить	вы
травить	затравить	за
травить	натравить	на
травить	отравить	о
травить	стравить	с
травиться	отравиться	о
травиться	стравиться	с
тралить	протралить	про
трамбовать	вытрамбовать	вы
трамбовать	затрамбовать	за
трамбовать	утрамбовать	у
транжирить	протранжирить	про
транжирить	растранжирить	раз
транскрибировать	затранскрибировать	за
транскрибировать	протранскрибировать	про
тратить	истратить	из
тратить	потратить	по
тратиться	истратиться	из
тратиться	потратиться	по
трафить	потрафить	по
требовать	потребовать	по
требоваться	потребоваться	по
тревожить	встревожить	вз
тревожить	потревожить	по
тревожиться	встревожиться	вз
тревожиться	потревожиться	по
трезветь	отрезветь	о
трезветь	протрезветь	про
трезвить	отрезвить	о
трезвить	протрезвить	про
трезвонить	растрезвонить	раз
трелевать	стрелевать	с
тренировать	натренировать	на
тренироваться	натренироваться	на
треножить	стреножить	с
трепать	оттрепать	от
трепать	истрепать	из
трепать	потрепать	по
трепать	растрепать	раз
трепаться	истрепаться	из
трепаться	потрепаться	по
трескаться	потрескаться	по
троить	строить	с
трубить	оттрубить	от
трубить	протрубить	про
трудить	утрудить	у
трусить	натрусить	на
трусить	струсить	с
трухляветь	иструхляветь	из
трясти	вытрясти	вы
тузить	оттузить	от
туманить	затуманить	за
туманить	отуманить	о
туманиться	затуманиться	за
туманиться	отуманиться	о
тупеть	отупеть	о
тупить	затупить	за
тупить	иступить	из
тупиться	затупиться	за
тупиться	иступиться	из
турить	вытурить	вы
тускнеть	потускнеть	по
тускнуть	потускнуть	по
тухнуть	потухнуть	по
тухнуть	затухнуть	за
тухнуть	протухнуть	про
тухнуть	стухнуть	с
тучнеть	отучнеть	о
тучнеть	потучнеть	по
тушевать	затушевать	за
тушеваться	стушеваться	с
тушить	затушить	за
тушить	потушить	по
тушить	стушить	с
тюковать	затюковать	за
тявкать	протявкать	про
тягаться	потягаться	по
тяжелеть	отяжелеть	о
тяжелеть	потяжелеть	по
тяжелить	отяжелить	о
тянуть	вытянуть	вы
тянуть	потянуть	по
тянуть	протянуть	про
тянуться	вытянуться	вы
тянуться	потянуться	по
тянуться	протянуться	про
увечить	изувечить	из
увечиться	изувечиться	из
удить	выудить	вы
ужинать	поужинать	по
умнеть	поумнеть	по
уродовать	изуродовать	из
уродоваться	изуродоваться	из
урчать	проурчать	про
утюжить	выутюжить	вы
утюжить	отутюжить	от
учить	выучить	вы
учить	научить	на
учить	обучить	об
учиться	выучиться	вы
учиться	научиться	на
учиться	обучиться	об
фабриковать	сфабриковать	с
фабрить	нафабрить	на
фабриться	нафабриться	на
фальцевать	сфальцевать	с
фальшивить	сфальшивить	с
фартить	подфартить	под
фартить	пофартить	по
фаршировать	зафаршировать	за
фаршировать	нафаршировать	на
фасовать	расфасовать	раз
фиксировать	зафиксировать	за
фильтровать	отфильтровать	от
фильтровать	профильтровать	про
фокусировать	сфокусировать	с
формировать	сформировать	с
формироваться	сформироваться	с
формовать	отформовать	от
формовать	сформовать	с
формулировать	сформулировать	с
фотографировать	сфотографировать	с
фотографироваться	сфотографироваться	с
фрахтовать	зафрахтовать	за
фрезеровать	отфрезеровать	от
фуговать	сфуговать	с
халтурить	схалтурить	с
хаметь	охаметь	о
хамить	нахамить	на
характеризовать	охарактеризовать	о
хаять	охаять	о
хвалить	похвалить	по
хвалиться	похвалиться	по
хвастать	похвастать	по
хвастаться	похвастаться	по
хватать	схватить	с
хвататься	схватиться	с
херить	похерить	по
хилеть	захилеть	за
химичить	схимичить	с
хиреть	захиреть	за
хитрить	схитрить	с
хлопотать	похлопотать	по
хлороформировать	захлороформировать	за
хмелеть	захмелеть	за
хмелеть	охмелеть	о
хмелить	охмелить	о
хмурить	нахмурить	на
хмуриться	нахмуриться	на
ходатайствовать	походатайствовать	по
ходить	сходить	с
холодать	похолодать	по
холодеть	похолодеть	по
холодить	нахолодить	на
холоднеть	похолоднеть	по
холостить	выхолостить	вы
холостить	охолостить	о
хоронить	захоронить	за
хоронить	похоронить	по
хоронить	схоронить	с
хорониться	похорониться	по
хорониться	схорониться	с
хорошеть	похорошеть	по
хохлить	нахохлить	на
хохлиться	нахохлиться	на
храбреть	похрабреть	по
хранить	сохранить	с
храниться	сохраниться	с
хрипеть	прохрипеть	про
хрипнуть	охрипнуть	о
христосоваться	похристосоваться	по
хрометь	охрометь	о
хромировать	отхромировать	от
хронометрировать	захронометрировать	за
хронометрировать	прохронометрировать	про
худать	похудать	по
худеть	похудеть	по
худиться	прохудиться	про
хулиганить	нахулиганить	на
хулиганничать	нахулиганничать	на
цапать	сцапать	с
цапаться	поцапаться	по
царапать	нацарапать	на
царапать	оцарапать	о
царапать	поцарапать	по
цедить	выцедить	вы
цедить	процедить	про
целить	нацелить	на
целиться	нацелиться	на
целиться	прицелиться	при
целовать	поцеловать	по
целоваться	поцеловаться	по
цементировать	зацементировать	за
цементировать	сцементировать	с
ценить	оценить	о
центрировать	отцентрировать	от
центровать	зацентровать	за
центровать	отцентровать	от
цепенеть	оцепенеть	о
цепенить	оцепенить	о
церемониться	поцеремониться	по
циклевать	отциклевать	от
цинковать	оцинковать	о
цитировать	процитировать	про
цыганить	выцыганить	вы
чадить	начадить	на
чаевать	почаевать	по
чаевничать	почаевничать	по
чалить	зачалить	за
чаровать	очаровать	о
чахнуть	зачахнуть	за
чеканить	отчеканить	от
чеканить	вычеканить	вы
чеканить	прочеканить	про
чеканить	расчеканить	раз
червиветь	зачервиветь	за
червиветь	очервиветь	о
черенковать	отчеренковать	от
чернеть	почернеть	по
чернить	вычернить	вы
чернить	зачернить	за
чернить	очернить	о
черстветь	зачерстветь	за
черстветь	очерстветь	о
черстветь	почерстветь	по
черствить	очерствить	о
чертить	начертить	на
чесать	почесать	по
чесать	вычесать	вы
чесать	причесать	при
чесать	расчесать	раз
чесаться	почесаться	по
чехлить	зачехлить	за
чинить	очинить	о
чинить	зачинить	за
чинить	починить	по
чинить	учинить	у
чиниться	учиниться	у
чистить	обчистить	об
чистить	вычистить	вы
чистить	очистить	о
чистить	почистить	по
чиститься	вычиститься	вы
чиститься	почиститься	по
читать	прочесть	про
читать	прочитать	про
чихать	начихать	на
чихвостить	отчихвостить	от
членить	расчленить	раз
члениться	расчлениться	раз
чувствовать	почувствовать	по
чувствоваться	почувствоваться	по
чудить	учудить	у
чудиться	почудиться	по
чудиться	причудиться	при
чуметь	очуметь	о
чуять	почуять	по
чуяться	почуяться	по
шабашить	пошабашить	по
шалеть	ошалеть	о
шарить	пошарить	по
швартовать	зашвартовать	за
швартовать	ошвартовать	о
швартовать	пришвартовать	при
швартоваться	зашвартоваться	за
швартоваться	ошвартоваться	о
швартоваться	пришвартоваться	при
шевелить	пошевелить	по
шевелить	расшевелить	раз
шевелиться	пошевелиться	по
шелудиветь	зашелудиветь	за
шелудиветь	ошелудиветь	о
шельмовать	ошельмовать	о
шептать	прошептать	про
шершаветь	зашершаветь	за
шинковать	нашинковать	на
шить	сшить	с
шифровать	зашифровать	за
шкодить	нашкодить	на
школить	вышколить	вы
шлепать	отшлепать	от
шлифовать	вышлифовать	вы
шлифовать	зашлифовать	за
шлифовать	отшлифовать	от
шнуровать	зашнуровать	за
шнуровать	прошнуровать	про
шнуроваться	зашнуроваться	за
шпаклевать	зашпаклевать	за
шпарить	ошпарить	о
шпариться	ошпариться	о
шпиговать	нашпиговать	на
шпунтовать	зашпунтовать	за
штамповать	выштамповать	вы
штамповать	заштамповать	за
штамповать	наштамповать	на
штамповать	отштамповать	от
штамповать	проштамповать	про
штемпелевать	заштемпелевать	за
штемпелевать	проштемпелевать	про
штопать	заштопать	за
штрафовать	оштрафовать	о
штриховать	заштриховать	за
штудировать	проштудировать	про
штукатурить	выштукатурить	вы
штукатурить	отштукатурить	от
штукатурить	оштукатурить	о
штуковать	заштуковать	за
шутить	пошутить	по
щадить	пощадить	по
щекотать	пощекотать	по
щениться	ощениться	о
щерить	ощерить	о
щериться	ощериться	о
щетинить	ощетинить	о
щетиниться	ощетиниться	о
щипать	общипать	об
щипать	ощипать	о
щипать	ущипнуть	у
щупать	пощупать	по
щурить	сощурить	с
щуриться	сощуриться	с
экзаменовать	проэкзаменовать	про
экзаменоваться	проэкзаменоваться	про
экономить	сэкономить	с
электризовать	наэлектризовать	на
ябедничать	наябедничать	на
ягниться	объягниться	об
ягниться	оягниться	о
язвить	съязвить	с
яловеть	ояловеть	о
яснеть	прояснеть	про
